name,anal,anal_ID,quar,quar_ID,cal,cal_ID,arag,arag_ID,dolo,dolo_ID,orth,orth_ID,anorth,anorth_ID,plagi,plagi_ID,mont,mont_ID,ill,ill_ID,py,py_ID,alb,alb_ID,mus,mus_ID,anothi,anothi_ID,iron,iron_ID,paly,paly_ID,chab,chab_ID,phil,phil_ID,harm,harm_ID,clin,clin_ID,erio,erio_ID,sani,sani_ID,hali,hali_ID,gyp,gyp_ID,andr,andr_ID,nont,nont_ID,any1,any1_ID,any2,any2_ID